,Power,MaxSpeed
0,238.26,209.08
1,259.27,312.22
2,233.45,277.0
3,237.04,311.72
4,279.28,326.99
5,317.44,145.98
6,245.59,327.19
7,252.08,160.81
8,373.53,226.63
9,314.41,349.99
10,372.51,298.21
11,350.83,152.54
12,290.64,274.26
13,259.0,329.21
14,371.84,274.24
15,329.92,165.45
16,266.43,168.48
17,287.95,228.66
18,339.47,343.88
19,368.44,312.41
20,278.24,149.65
21,370.1,170.5
22,288.68,174.78
23,230.65,279.04
24,316.64,340.48
25,367.77,206.4
26,338.94,163.75
27,314.73,247.89
28,263.97,175.03
29,349.01,156.04
30,313.27,363.59
31,335.26,319.29
32,238.22,280.22
33,217.85,270.66
34,287.73,141.84
35,240.48,213.74
36,229.84,309.92
37,291.27,252.39
38,361.31,200.52
39,341.94,327.08
40,262.66,303.61
41,228.64,206.4
42,357.07,308.98
43,279.61,162.03
44,344.73,164.47
45,238.08,274.78
46,235.92,219.34
47,356.54,324.11
48,322.43,157.41
49,377.47,290.33
50,379.89,278.97
51,382.46,297.23
52,314.96,268.6
53,372.66,275.39
54,367.66,277.53
55,356.34,303.07
56,370.62,187.68
57,217.75,282.06
58,282.76,361.8
59,315.19,141.26
60,317.4,143.58
61,348.3,178.67
62,296.66,144.16
63,227.87,270.5
64,226.76,201.39
65,233.21,201.36
66,328.99,334.89
67,281.86,161.92
68,332.41,142.33
69,259.81,344.66
70,279.28,259.88
71,309.19,249.64
72,315.93,243.82
73,379.16,290.37
74,219.42,306.62
75,356.64,316.17
76,262.28,340.43
77,332.05,164.21
78,282.88,334.42
79,314.91,151.37
80,288.74,258.74
81,323.57,157.75
82,297.07,145.64
83,365.37,292.0
84,343.02,166.32
85,312.48,142.99
86,319.6,133.26
87,347.01,317.4
88,373.62,203.38
89,300.98,369.87
90,358.86,185.62
91,283.1,344.48
92,378.96,275.58
93,250.68,298.49
94,234.56,208.09
95,314.27,228.66
96,291.24,162.35
97,257.51,151.22
98,259.63,333.68
99,343.55,160.74
100,311.5,235.82
101,367.1,206.78
102,225.42,218.89
103,288.77,147.46
104,283.03,152.66
105,240.51,314.85
106,373.44,207.3
107,316.57,360.87
108,281.32,262.24
109,268.61,255.42
110,376.77,209.92
111,331.16,295.23
112,326.92,358.42
113,224.7,285.56
114,265.53,157.89
115,324.05,333.23
116,260.5,157.68
117,316.1,265.72
118,341.76,341.71
119,312.14,247.65
120,214.48,275.16
121,241.42,322.48
122,245.22,311.86
123,248.91,298.34
124,278.17,336.66
125,231.33,293.7
126,311.21,336.73
127,310.5,352.64
128,245.24,305.83
129,311.41,243.41
130,305.03,334.76
131,319.39,366.75
132,277.55,248.2
133,368.23,295.47
134,231.51,200.29
135,241.19,185.29
136,383.78,278.27
137,338.13,333.99
138,286.31,138.05
139,291.1,262.9
140,352.28,199.6
141,234.4,309.02
142,365.52,179.21
143,361.84,186.4
144,226.16,215.05
145,319.81,257.61
146,265.32,342.78
147,287.25,146.11
148,364.15,184.19
149,218.7,202.49
150,368.29,173.03
151,283.94,129.76
152,301.77,351.65
153,376.58,211.98
154,236.99,311.01
155,241.29,278.1
156,235.19,169.01
157,261.66,332.73
158,371.54,311.42
159,289.27,269.96
160,282.53,255.42
161,245.6,183.85
162,252.79,321.38
163,299.22,352.35
164,352.4,282.58
165,305.88,155.69
166,264.71,179.63
167,313.37,343.97
168,277.93,339.35
169,234.55,222.27
170,264.08,172.3
171,298.73,342.67
172,275.06,248.8
173,333.79,271.59
174,359.02,293.43
175,316.01,169.99
176,278.81,344.72
177,357.52,155.07
178,281.16,346.62
179,221.87,304.8
180,236.93,197.87
181,275.6,228.96
182,225.02,215.12
183,351.0,185.36
184,369.47,219.62
185,310.44,332.75
186,325.24,166.5
187,361.98,203.84
188,261.62,166.59
189,307.82,154.29
190,313.9,260.52
191,251.41,345.2
192,327.71,148.96
193,317.33,250.64
194,215.12,222.13
195,257.69,322.49
196,286.66,161.26
197,252.48,189.86
198,334.24,258.68
199,328.36,347.6
200,221.17,307.19
201,264.71,176.22
202,236.91,206.81
203,314.72,332.0
204,253.71,259.09
205,241.44,187.46
206,262.79,146.97
207,313.78,152.78
208,261.37,348.32
209,321.58,348.84
210,240.29,195.54
211,275.21,150.29
212,298.1,365.42
213,281.47,321.54
214,277.75,266.41
215,309.96,273.24
216,365.11,210.25
217,340.13,334.78
218,272.94,139.34
219,278.1,135.33
220,383.11,298.88
221,236.48,298.9
222,277.69,179.7
223,322.51,345.67
224,249.32,146.91
225,332.23,350.48
226,259.73,166.52
227,329.66,341.25
228,241.74,317.36
229,308.84,225.03
230,318.18,231.03
231,315.05,124.39
232,356.66,199.28
233,303.79,342.72
234,366.86,198.67
235,233.46,271.07
236,343.12,343.53
237,351.59,328.67
238,274.54,331.71
239,319.93,267.29
240,359.85,216.34
241,287.27,234.97
242,218.22,209.76
243,293.44,360.25
244,255.23,197.34
245,334.49,147.06
246,286.25,273.46
247,361.5,208.55
248,382.7,282.1
249,235.36,304.56
250,311.68,231.07
251,306.62,154.31
252,313.74,346.68
253,322.52,241.0
254,367.92,276.84
255,273.15,217.2
256,290.75,313.56
257,304.96,339.15
258,374.15,304.8
259,256.91,174.8
260,327.6,148.57
261,264.65,163.19
262,230.14,221.49
263,290.85,283.52
264,283.71,151.68
265,374.56,278.97
266,322.93,245.92
267,375.27,218.69
268,361.44,179.86
269,317.35,212.13
270,265.55,330.22
271,225.23,205.59
272,237.18,193.54
273,347.87,304.41
274,313.55,251.68
275,241.03,284.69
276,364.06,188.21
277,356.15,316.47
278,325.19,328.09
279,256.71,174.48
280,302.62,359.46
281,375.14,226.15
282,291.86,333.38
283,302.42,151.48
284,360.13,207.86
285,350.72,176.19
286,314.11,346.11
287,284.91,266.51
288,262.34,163.69
289,325.25,146.26
290,285.64,343.23
291,240.17,313.22
292,242.42,218.65
293,270.88,191.92
294,250.04,322.72
295,234.66,165.4
296,268.34,343.42
297,356.92,210.35
298,317.97,252.37
299,320.35,146.26
300,256.0,337.52
301,228.5,218.68
302,289.51,228.03
303,307.81,366.05
304,330.42,342.52
305,311.91,276.16
306,306.66,354.38
307,225.75,283.4
308,262.46,314.5
309,230.32,307.02
310,342.92,328.23
311,282.81,222.46
312,248.09,190.65
313,366.56,212.24
314,275.26,158.03
315,316.03,231.32
316,359.93,358.29
317,291.62,260.46
318,284.9,254.11
319,360.58,285.27
320,318.01,235.56
321,208.23,324.65
322,311.54,224.4
323,308.95,234.84
324,376.75,281.47
325,280.33,265.15
326,318.16,223.72
327,306.8,157.89
328,336.23,329.98
329,351.24,328.64
330,342.97,181.36
331,220.23,271.61
332,263.48,156.92
333,282.78,150.18
334,317.54,267.43
335,255.69,172.59
336,356.31,149.41
337,265.26,344.29
338,354.1,173.72
339,242.16,199.26
340,267.69,148.32
341,237.96,305.9
342,381.5,272.95
343,319.15,345.43
344,239.3,189.18
345,283.95,233.04
346,270.03,156.43
347,329.6,173.02
348,241.37,157.59
349,283.65,340.19
350,272.01,352.04
351,279.69,358.87
352,369.66,194.89
353,309.4,228.23
354,347.43,328.05
355,242.79,169.87
356,375.06,229.87
357,342.33,354.05
358,390.48,278.12
359,359.87,308.51
360,285.86,353.76
361,271.5,356.48
362,330.45,159.47
363,287.11,151.14
364,327.54,347.76
365,312.77,165.06
366,314.69,345.63
367,362.33,299.91
368,269.27,351.83
369,335.33,339.23
370,234.12,281.54
371,280.71,238.31
372,273.0,337.48
373,274.2,232.99
374,229.73,220.8
375,348.62,160.88
376,317.09,259.9
377,310.28,251.56
378,354.08,350.44
379,356.18,319.69
380,317.52,365.82
381,253.01,302.15
382,240.7,284.79
383,282.13,343.4
384,264.9,320.66
385,292.3,353.39
386,286.32,277.65
387,338.91,182.45
388,331.78,170.03
389,227.58,284.48
390,316.66,221.33
391,234.22,183.65
392,228.1,228.22
393,372.04,220.5
394,320.65,351.5
395,287.24,246.16
396,293.76,158.32
397,374.65,218.05
398,248.77,283.81
399,340.55,333.16
400,347.61,198.99
401,256.94,161.97
402,326.72,153.36
403,346.44,157.53
404,278.96,150.87
405,333.78,145.69
406,363.96,288.67
407,338.15,318.24
408,374.85,273.84
409,236.31,215.4
410,364.58,189.14
411,347.55,168.41
412,217.98,201.13
413,283.1,349.6
414,303.68,130.6
415,382.51,276.06
416,242.31,184.4
417,224.56,202.76
418,284.82,258.83
419,230.6,200.29
420,228.0,272.71
421,242.04,281.49
422,365.69,277.97
423,281.73,258.94
424,350.32,179.78
425,232.49,332.69
426,323.76,256.74
427,337.88,315.01
428,386.15,227.17
429,310.74,337.32
430,348.61,160.97
431,277.38,239.42
432,356.72,172.32
433,287.27,255.77
434,282.57,350.79
435,378.61,301.83
436,326.83,336.38
437,290.44,282.82
438,242.46,176.32
439,341.74,337.11
440,374.02,306.88
441,259.66,144.74
442,266.89,159.24
443,283.08,127.35
444,319.71,162.76
445,332.63,148.95
446,290.83,152.37
447,326.84,174.65
448,348.38,165.19
449,350.71,171.89
450,260.62,174.18
451,348.46,194.06
452,279.6,227.31
453,385.39,308.94
454,288.85,246.82
455,234.06,286.01
456,373.3,301.17
457,284.26,155.11
458,324.23,343.8
459,346.83,341.73
460,267.02,350.91
461,280.19,248.21
462,299.73,355.37
463,324.68,341.14
464,225.85,299.59
465,267.13,248.33
466,369.02,200.21
467,335.16,140.88
468,321.8,259.43
469,255.31,180.57
470,339.04,313.79
471,358.2,210.71
472,286.6,276.36
473,274.68,216.65
474,372.98,194.52
475,303.1,145.49
476,343.91,311.85
477,315.64,237.31
478,266.4,159.18
479,361.24,332.7
480,255.16,302.67
481,306.26,150.92
482,339.95,312.47
483,380.17,211.22
484,281.13,369.09
485,362.63,297.64
486,316.41,152.69
487,270.26,354.42
488,335.24,332.68
489,286.09,239.82
490,336.36,344.78
491,350.22,282.29
492,386.9,228.12
493,295.52,352.04
494,276.85,320.75
495,304.56,350.91
496,309.26,340.29
497,246.1,180.91
498,251.89,169.31
499,327.07,158.42
500,318.28,250.89
501,238.97,171.92
502,357.08,300.44
503,341.07,152.47
504,274.26,330.88
505,359.6,169.7
506,313.39,244.7
507,317.44,150.26
508,257.65,339.81
509,270.52,247.44
510,343.42,331.83
511,354.99,309.12
512,361.94,291.49
513,262.57,152.13
514,243.79,222.6
515,231.47,220.15
516,315.33,282.31
517,290.63,228.66
518,332.5,160.84
519,320.96,176.18
520,295.04,348.01
521,368.39,206.67
522,283.55,240.26
523,361.76,282.48
524,337.63,166.22
525,283.8,259.6
526,366.22,308.48
527,262.91,316.92
528,251.31,310.28
529,245.88,216.3
530,318.16,213.74
531,231.3,170.95
532,249.7,203.13
533,237.55,198.11
534,277.41,231.16
535,339.53,188.88
536,289.94,253.61
537,245.43,315.29
538,263.48,308.49
539,262.34,147.79
540,359.05,209.38
541,265.48,159.66
542,375.69,270.78
543,277.66,158.84
544,220.01,223.18
545,282.46,242.08
546,282.2,353.54
547,365.57,278.89
548,234.33,294.64
549,304.45,353.6
550,251.72,268.63
551,261.44,153.67
552,289.15,352.68
553,254.06,186.39
554,315.44,368.05
555,314.47,234.41
556,299.51,169.49
557,332.08,159.93
558,348.9,330.39
559,243.66,311.42
560,330.08,158.32
561,312.16,236.56
562,283.47,250.0
563,255.75,345.36
564,309.24,141.5
565,266.4,340.2
566,377.43,288.45
567,320.41,258.73
568,256.32,161.96
569,322.24,247.87
570,278.02,242.37
571,260.05,177.25
572,225.71,275.37
573,350.27,311.19
574,342.09,319.32
575,356.83,312.68
576,291.5,352.28
577,285.45,348.53
578,258.88,182.29
579,275.57,244.22
580,356.01,173.77
581,286.3,254.09
582,226.27,273.51
583,250.29,253.83
584,288.26,152.69
585,275.54,349.93
586,331.79,349.52
587,244.09,205.38
588,257.2,159.4
589,317.34,171.95
590,319.84,261.92
591,271.76,156.33
592,222.68,183.98
593,295.3,347.09
594,334.88,353.38
595,313.47,150.64
596,287.83,260.08
597,286.0,244.25
598,322.28,330.23
599,265.26,148.95
600,372.99,191.15
601,244.53,290.48
602,355.4,201.96
603,344.86,165.64
604,286.61,246.32
605,365.8,201.51
606,273.2,331.06
607,339.62,166.97
608,269.69,352.62
609,250.88,167.4
610,369.16,212.56
611,262.05,335.57
612,359.53,311.65
613,315.24,142.08
614,292.1,333.88
615,287.41,270.95
616,234.94,305.68
617,250.4,179.64
618,247.66,312.88
619,355.87,173.73
620,265.58,318.45
621,283.7,269.29
622,252.79,319.54
623,373.14,272.99
624,356.63,321.07
625,319.87,344.86
626,259.3,158.15
627,373.91,194.68
628,283.6,234.14
629,335.54,144.79
630,279.44,352.7
631,297.07,349.83
632,227.22,270.16
633,330.15,336.86
634,362.89,195.16
635,309.42,266.98
636,355.84,183.3
637,249.4,310.25
638,334.04,349.35
639,359.95,340.07
640,373.97,220.28
641,239.36,168.04
642,226.79,191.97
643,320.88,247.16
644,294.12,150.73
645,272.91,237.5
646,273.13,246.83
647,361.04,170.07
648,239.54,301.1
649,347.55,325.06
650,238.34,176.2
651,251.52,167.05
652,344.18,169.34
653,223.12,197.29
654,217.01,272.4
655,344.7,173.77
656,357.8,310.09
657,287.46,365.39
658,243.94,324.02
659,361.8,327.98
660,316.91,338.17
661,307.94,140.74
662,221.85,290.51
663,258.26,325.31
664,233.33,280.54
665,230.65,277.57
666,300.46,337.4
667,356.5,302.79
668,318.09,336.46
669,248.66,181.4
670,358.28,302.45
671,233.38,221.63
672,245.78,209.24
673,235.47,204.35
674,374.23,299.33
675,322.56,339.12
676,254.47,326.37
677,313.42,260.34
678,290.84,151.51
679,290.74,261.3
680,266.39,171.27
681,312.43,150.08
682,321.17,239.89
683,368.0,323.15
684,316.51,148.57
685,307.73,154.94
686,267.08,334.96
687,306.73,159.4
688,226.84,293.15
689,258.9,316.75
690,272.86,354.23
691,280.79,167.06
692,316.75,270.52
693,291.76,139.94
694,216.59,202.25
695,313.34,336.92
696,232.06,302.53
697,266.69,351.78
698,313.7,265.38
699,349.03,277.92
700,354.24,211.98
701,224.71,293.15
702,245.61,328.47
703,324.32,162.01
704,235.08,291.49
705,227.15,300.37
706,352.07,174.15
707,230.95,285.7
708,270.55,154.18
709,311.11,331.82
710,381.05,212.04
711,225.32,298.21
712,237.25,285.06
713,250.64,329.26
714,352.64,204.56
715,289.26,154.76
716,394.6,272.1
717,279.43,147.01
718,372.86,211.0
719,331.95,183.07
720,296.05,149.75
721,323.56,246.64
722,272.96,277.26
723,291.29,252.96
724,264.68,177.48
725,234.41,278.22
726,288.73,262.29
727,291.89,331.5
728,302.22,156.84
729,354.78,310.76
730,358.2,205.52
731,243.98,180.2
