,Age,Efficiency
0,5.454878786232207,56.82383448028994
1,29.075750919113283,57.929241605375005
2,1.6123337943823124,91.28804985504223
3,11.212261505467069,63.87500433020813
4,43.043369522260626,60.5364510339337
5,26.676904132395823,53.04933552125621
6,20.804436444370715,56.45898564544149
7,11.518370596623882,30.273145389288185
8,54.93933086094964,73.68119996805692
9,46.23368789111537,80.47597028153588
10,16.011054293460674,51.86879041519396
11,57.04895672108373,41.28204836643661
12,39.40827641165633,70.37437660810536
13,36.892268320174,56.74802803041254
14,23.22091759525776,52.52563140573926
15,19.057373795761368,37.269838144593095
16,43.211498415746256,69.37508625572598
17,43.07865320938055,74.43855806972716
18,9.34381864111117,50.92621841391033
19,32.01199767793017,62.06922310615114
20,9.239561852823968,48.226041589166854
21,42.06222293188081,76.5763562334667
22,12.671107634656902,44.60093768695387
23,14.066946628689323,45.68434578127306
24,36.902920309333865,74.80417108893117
25,23.410324808535208,36.870121386958026
26,6.694167130462887,58.631078655231825
27,50.67713954687798,65.65962406299569
28,37.868442956441974,73.91094352129603
29,20.80330101294646,55.47717636451252
30,31.472889612434116,56.72472847466763
31,21.4373138966435,41.8517485761945
32,40.385151066020164,67.43665930557405
33,40.41710593078727,66.33906982561629
34,46.01129920305056,63.94376738168604
35,12.57098795758013,43.43251286780866
36,30.003194267066814,54.572319539834965
37,9.299610100967065,56.7308416480794
38,30.762773205802933,62.343717106432706
39,25.483046522069614,49.43776722634337
40,27.2389510941613,53.087544008693435
41,20.70781511762357,54.2387454822874
42,59.01064543629824,26.109097770396712
43,58.21457628124821,42.47791682279007
44,8.706684964665516,37.462685135117574
45,56.90659972793565,42.60155811334467
46,12.499726965660521,54.995166589780595
47,54.48971419589324,67.16797579218269
48,45.638141013217584,86.03298686941443
49,32.913189674238765,58.37720914515664
50,35.290583438326635,71.64923340963522
51,38.802208031805996,70.58084447197174
52,8.144906467771733,58.83100308440612
53,23.186126488998003,52.76123685957431
54,38.631028356642375,65.02668194454039
55,21.32322397607419,53.35805822452958
56,56.69512769126504,35.89756569623568
57,49.967320626258754,77.0770288097403
58,24.148931045715834,57.66419835766358
59,7.44465546986693,51.873993318573305
60,27.916422330568942,73.3106824839697
61,52.072061254826735,64.29292723751911
62,52.66666495454553,72.19604521160343
63,40.457876884228064,78.55935837186037
64,34.59042301990566,64.68970535621519
65,13.728865524424009,47.3021958353522
66,32.88885361185238,65.02589320631171
67,50.77711961972396,52.61518630160206
68,6.51038247192113,58.85432241735747
69,42.599881359785144,73.38455415875471
70,60.21138759106309,27.95761979144153
71,3.388363314444341,68.7717279280732
72,39.33850791836353,52.09226705641994
73,13.557692228558185,41.90575214249173
74,8.270816005303725,52.984850213034726
75,28.0603488864137,55.152759638119605
76,41.51102107264733,74.34306086153462
77,23.348985226179362,52.00779744592582
78,56.71056362323807,47.92822957651553
79,59.73240051067798,20.660419699919245
80,17.458476159921066,46.476266644454775
81,47.40102003269206,74.9547454373116
82,16.386447863547712,52.308337636223065
83,18.88679836900531,47.6360489149638
84,28.108064217246255,68.32933412676275
85,11.642946031914178,44.57265215881742
86,38.314651621072386,61.05505081095629
87,50.80580656936304,68.77315392455573
88,26.438753568933187,67.06788826986
89,54.31528093069303,55.947297656412886
90,47.232278506719254,74.3159565454242
91,25.495815366919793,45.563558594919954
92,60.74768907815029,12.029990990615492
93,50.84339072679943,66.51366015464212
94,36.78487851053002,74.6565480845725
95,6.786030762223344,55.964539006120305
96,13.772993977632208,48.815769407973086
97,25.20483937860859,48.17139114443706
98,48.05415642641158,58.776267733506984
99,53.98744977998214,62.00309819412908
100,56.97562926144215,45.83977301676243
101,5.663572180323634,55.805294264437755
102,51.474649052123155,69.69425218037696
103,41.697201323447146,81.71079549993856
104,9.935618204888076,40.13987451076084
105,42.197985861990574,69.95099960925873
106,1.3390490450092791,88.15349759942049
107,25.84016347988493,63.70454364203798
108,41.519872068812745,58.43827445925306
109,18.093357906358293,43.55453636665724
110,17.374121902227067,45.665859370420044
111,25.5241356927526,56.24609060692063
112,56.806489466459546,41.48403258045595
113,6.00927893591923,58.551866704598176
114,17.720102191507,54.42053572943731
115,53.35160501005599,55.9154487686126
116,17.84252879873445,48.11595466559065
117,11.106156468180252,55.07796617588231
118,15.224809278167312,44.45913615022184
119,50.05650069464859,70.8917719283468
120,8.237990118155523,46.00141222634607
121,48.508019143620466,53.853528492464754
122,4.412336426850413,78.88899279516085
123,52.19983362522409,54.96367427862364
124,49.54485414671599,66.8591838699548
125,19.499281448022735,55.64828675177649
126,46.432412999192636,66.01907576619692
127,13.884393959534716,53.34099125853648
128,48.73168417113184,69.77349625450664
129,52.365713977332476,65.53467312626005
130,48.93662934165282,54.25812059145425
131,1.2612546951414778,87.59547572317152
132,7.252083647446721,56.681387731049824
133,2.12622965126333,79.07853721177491
134,37.36471916434159,66.91727531007827
135,14.818756269559675,46.56160842516152
136,29.275933934385392,72.00717873766519
137,42.44333543719498,66.53125584775039
138,42.07629180448952,65.85525699722902
139,16.641514279022584,52.619503558123824
140,45.983785254144664,76.34982191206227
141,16.555323434980913,49.87308540326404
142,16.998417007248662,54.00683931926241
143,25.29045030090134,58.9996747211857
144,60.99193366032286,13.725030305088254
145,47.94540287553726,61.83705257251053
146,33.54169651150448,68.1512998231274
147,27.598398071549056,50.21796993354255
148,46.66660694544465,63.345824474540244
149,13.535376774773166,50.153537133859096
150,60.99803859683038,0.0
151,4.88129508258999,60.90371692933103
152,50.12282085884621,63.229340840308915
153,26.928176598433737,71.84746479677744
154,4.277638233564598,58.79443204694373
155,18.46657945711928,46.96304197037434
156,20.81338716523355,52.475887293517786
157,26.08616815789022,68.27383891407493
158,23.131123454228852,62.3261123496017
159,56.30151190474692,41.401578284663515
160,10.55529775319853,49.10511553705742
161,14.319148868852942,55.22334123114927
162,39.90908201319222,65.3171405302509
163,8.039568299772839,36.87597861120995
164,39.220007860572665,74.97709992597538
165,3.5792991122061153,65.56244363427051
166,18.44807969763705,43.449084645134896
167,55.86683509901581,55.09126281195941
168,44.952144300996686,70.59933293488909
169,9.67831883729528,51.77800683512317
170,2.0195027282758495,70.94474766860776
171,48.27869058250015,64.50202141587106
172,32.55454285738868,64.44669066467027
173,12.95896181937524,41.211014557990616
174,5.2819565262307115,60.77301768836508
175,37.60237530079546,69.18279880381483
176,20.232296123368627,52.87952801985069
177,12.435283244911805,43.179441858742415
178,55.83046492031475,50.00741830859341
179,11.980005427161856,39.68891330276518
180,8.045412497427314,48.204531960355446
181,1.4827073943091378,85.69585078601712
182,29.871682578927935,65.08510415519247
183,19.193979068058454,59.059827723547734
184,11.42225351694809,46.240172977230124
185,20.836477836487518,60.53860656176884
186,34.298355877804845,71.55453563252955
187,8.019374994838536,50.2306336500329
188,36.63271203288862,48.11134709188388
189,43.26000644552897,64.24367837210382
190,48.94470297877901,58.00473835430772
191,47.85136462433349,61.49805916066454
192,36.43518244435019,72.29139237415097
193,48.42517755903216,82.43425934911163
194,37.16450802155234,62.03911970447103
195,32.55408249573935,61.818426845144984
196,23.96370443556466,55.75475348178679
197,10.124572245019259,49.251939559486694
198,22.731770808914213,49.11063535734252
199,11.79964142832669,50.75357882588229
200,23.194497188234877,52.163124539880556
201,35.2276783337918,70.93688590899953
202,25.468229017958258,58.30565766213619
203,24.9915676674361,60.488040304314175
204,30.17342721244861,68.31682953534961
205,58.605359344089486,33.673497352424455
206,15.68574542909893,40.63738200299375
207,17.538216781512723,45.005369048806
208,54.11148131582544,61.19251050752612
209,56.301232340788246,50.74362812804568
210,32.24602169093024,76.67375445284608
211,11.723175892192796,50.10275468850204
212,32.09409849638483,72.10575025164168
213,59.38531541026853,24.475164469518177
214,58.08978942543352,48.24509069132919
215,13.407102511774148,41.77764835971974
216,34.18889882820113,63.342045802801096
217,27.70621227984547,70.66650162344745
218,36.71625045905409,67.81430275681868
219,43.43311899452162,71.03358346330553
220,54.952166079269375,58.36711696611132
221,27.81784525273186,67.22497483921526
222,9.75675813324112,47.28665800801685
223,32.46790106900887,63.98524882483685
224,24.649384596574595,56.90362346825666
225,31.928579834768993,57.34030097268641
226,9.11755119730595,47.98900475303597
227,19.669498219851878,45.427423690962485
228,33.99879247477747,68.88848679504048
229,42.19921950608636,70.62712886540726
230,8.973399139651885,52.44271034949652
231,8.450089178320866,44.79200453241383
232,16.836295244680958,51.9715145075891
233,31.84250215718887,67.32565245459702
234,43.52676513835102,80.03268103558226
235,14.529025090454518,52.13839546348849
236,7.601349739567887,51.70348623825171
237,4.494730281144285,63.06103047647783
238,31.375060545767496,70.39416704811984
239,21.812747572367634,54.14037400558781
240,38.70355984445061,61.02731284552533
241,60.10082940422499,19.362196911752125
242,60.18862226567492,11.118037793139752
243,33.47704910993042,61.701369621663716
244,10.788844642718281,43.45145108994703
245,17.990728896985424,39.4372990339398
246,28.45620014824176,59.2136381799669
247,4.123323599389845,59.723720134056414
248,52.45613082819515,64.50848040549559
249,12.314998601243108,47.87588726798822
250,56.76266582105907,46.94629360409896
251,19.91563390230297,54.820617963549864
252,2.6239452012453555,71.98692238010955
253,51.145313259132564,58.498107540895106
254,35.54302200122888,67.43527810683294
255,9.325766762142578,57.823232486836275
256,2.6450377513365915,59.14561657585404
257,23.661230141867104,55.17316803504574
258,7.908301528690668,43.4674824534388
259,42.39293605867636,58.70274138659202
260,45.43541212520127,82.17922183082844
261,2.7794017411912364,72.34946021583075
262,44.834721664567574,57.63424985174499
263,17.828147043407945,44.95208525947286
264,24.5031456627365,56.99274434401443
265,28.14310262519057,77.85333248403767
266,38.92853238346075,75.00493590171337
267,6.021878408197303,58.30923623552076
268,7.562451368727604,50.25055731208647
269,42.49271209938527,75.80735351493972
270,57.66520564022888,51.502175456325105
271,41.845030815084954,67.77904623273783
272,40.831797885260855,70.39472087718798
273,33.502000001988705,72.73750984042965
274,38.42633680521399,52.61204210671284
275,43.72900493519964,73.2463619762899
276,45.57641668505863,77.20625628559891
277,55.41641865398544,56.96416172772785
278,25.997305181231106,52.027120570673745
279,38.37136472220212,70.01935932391852
280,36.78587054979431,70.26543714352147
281,38.99210481088368,61.874055109829406
282,26.967193950079455,54.96212380406709
283,48.68732899766328,70.77680385646782
284,31.391577161476725,64.76058892523736
285,37.692956735497525,70.0658618153074
286,49.2292755145191,80.12544558969991
287,50.11133165347712,83.43237492532126
288,33.62254445142697,69.3708994004254
289,22.684717856675555,52.104955933925915
290,14.918105080207322,44.337601348162146
291,55.278023010815446,56.98265121975833
292,50.023767928622874,59.863235525444836
293,4.411782341723935,67.22393822708158
294,2.206145709088883,75.11035930467942
295,57.29032427056844,44.28317929000903
296,23.963874427482665,61.29843402232308
297,16.765129092832723,52.109232596178934
298,26.268372521151232,67.32578982045608
299,48.27902350717698,66.2897809758532
300,33.937973997993595,65.34270025453803
301,31.230475064201944,51.77180820392343
302,29.02181346808335,62.27540598072806
303,32.87024346225784,71.2484626404949
304,45.07213382484872,71.90057058585852
305,34.50098911820389,70.63068164176529
306,12.755084119188652,25.672167621417668
307,17.52826061861022,49.016148695118304
308,22.624876662376252,55.217092401743926
309,19.123370614385493,45.97295045978607
310,30.928217063278836,60.42652977741363
311,36.13565090231418,65.36473206780109
312,18.182618893106323,52.94040792634752
313,49.616436507816225,69.53604755651821
314,14.145610520334397,42.01791334348067
315,30.255989212425632,50.136587447773984
316,30.62469161488112,60.35511706764996
317,30.87638228026583,63.04667891612441
318,25.250060935993794,64.97658784842851
319,44.26152969854595,54.45439340099302
320,27.908128908592232,61.153218554840564
321,47.92263688220215,60.10658926392707
322,8.364987346669984,46.256180890464535
323,2.3212782383823054,82.05392896489963
324,11.820295112786877,35.923670571719654
325,55.23101941260835,48.1357546635968
326,28.70456916576841,60.707089380407865
327,5.675911633399586,61.06009344428585
328,53.196945236142255,68.75846308258377
329,55.12991859554589,52.894283725230174
330,35.13770581393158,58.80101478793631
331,3.820879013906392,63.16116153427369
332,23.42982202105564,62.448050637337296
333,44.642005169081955,69.3613103179874
334,33.68720279355626,58.855022713235414
335,3.5161065932260165,68.53266041152808
336,11.389661586529368,53.540372768896646
337,10.24249990984654,55.30361227013309
338,33.3376049513668,62.179087381154
339,59.07354162512875,40.941872948973966
340,4.109504585766391,69.05497814108108
341,11.621601057500861,40.21705207109928
342,19.328523035214484,45.890920192447496
343,28.493255822837746,61.87780686111641
344,14.708186374286374,36.97609646414068
345,32.884166373424115,68.1430339940908
346,14.996461030909554,43.14167505284344
347,18.149837693096227,43.67424417666386
348,22.509414444214276,45.123277288706355
349,34.270456104442346,76.66392027908311
350,25.418694777825895,57.45954452027957
351,18.528383467925195,37.55635697777219
352,30.90588897896044,60.307010234454815
353,2.6024717676002886,84.73636085085417
354,20.615033109028044,63.62786623011084
355,49.907412352887135,58.35128262510803
356,24.207095601457283,47.1648565962489
357,22.206041791080853,56.097958750722455
358,29.77168402636999,60.32142874657301
359,25.10866980773534,69.57659171887269
360,51.683474437552995,69.27559450696562
361,51.42918433773279,61.25090371935733
362,4.574337723989849,71.0814357108507
363,59.52760755783103,21.72951347094573
364,31.623759073447808,66.82538299513719
365,54.99418371475376,69.50782230590119
366,52.753972736537285,60.14021712649237
367,6.642586425530716,55.31437302501663
368,51.471375769518914,61.15358473369717
369,35.40100423219468,69.95234294019109
370,7.487048342801657,47.15696303139186
371,31.42181575601345,58.14332469426371
372,24.26740896862622,49.04127812942225
373,16.10159277296379,54.01139740116414
374,43.311433117468724,69.07899639444712
375,48.8069516488554,62.74887539531429
376,6.836167952200491,64.75587867390196
377,12.893899647726759,42.00112325805795
378,19.529655677009313,43.034658254923585
379,40.92549241210761,66.48548535206933
380,28.773421930903876,53.69035484304513
381,9.133688179757478,56.53501748651196
382,44.3068519680801,63.52644066643135
383,51.60378824588081,68.15906183930002
384,13.102854652496834,35.382432586135614
385,45.69621025587683,68.55735918469935
386,59.16363531180593,25.20604418721216
387,28.921716695122768,55.782521692196184
388,6.647309077991871,62.64717800285311
389,34.86848908374889,72.1320965121649
390,24.48099346596112,53.03988663326782
391,54.32564905005563,64.12976489294097
392,9.396317890559178,49.28377303037457
393,5.31212858884653,47.22270868615767
394,16.376739692128012,45.58468356061771
395,23.42778375175454,47.92191087854534
396,18.361704231167657,52.341810282763404
397,3.463302938225997,64.10333968478162
398,25.215833939917076,58.64297114951197
399,60.94683444021315,12.53806578049943
400,38.04828727335074,67.63134511197278
401,32.54040202784294,71.0907568800518
402,19.929131547602225,53.60750606301843
403,44.19339021433024,69.96736014181552
404,56.411204306196254,40.18516158587069
405,49.26851059833559,73.39627516660947
406,59.72463954977348,23.394668297413087
407,17.792487422785744,48.76824552759579
408,30.6761118245662,51.56737132371002
409,17.73982947967525,46.90504939228713
410,35.57699291280512,73.93057765640812
411,4.776450456777713,55.22874679805353
412,24.83210702178682,60.92047028299401
413,15.537866467875373,44.43766552712166
414,10.739854984726975,35.41970922806937
415,44.777528733380166,71.3052873154733
416,42.94496148128826,62.814594936106985
417,55.12721001081059,54.34002765386473
418,23.9180909035859,58.23654458997667
419,1.418710059390449,100.0
420,1.1978962445914334,88.72875873546073
421,48.00507693413083,59.30377332271728
422,28.738441358910674,64.17540664446977
423,56.75589445551,48.04169898362112
424,39.33586819935863,68.10462523840457
425,36.05917616698512,63.74159833225757
426,49.97493847262028,60.61729468592796
427,41.5522514757381,65.2909363047934
428,16.96962658603028,55.60628689640929
429,8.41032635700138,54.45507119292496
430,41.3381900501688,74.82796235556121
431,4.173310738571832,55.48305169781139
432,42.23336885126929,71.6949010244567
433,14.67266326963955,51.03107585441028
434,52.26304583815286,61.08365070506559
435,25.14376126045771,64.04238920562037
436,17.46183512026566,46.22767900115603
437,46.7028637702727,69.57636674628438
438,55.60581174833176,50.2165028853381
439,38.638235253733924,67.17796547364735
440,58.5221421266033,38.29442168932323
441,52.694657560470155,63.80302100939163
442,47.00966149248433,79.50819719686099
443,40.67298838655553,60.12928239905172
444,39.802021411830765,67.13820215937304
445,23.674018339157893,49.96464458701803
446,51.881279920598566,73.13592525449863
447,1.303164318592593,82.03227620157897
448,43.831149397641084,64.2502173900146
449,19.20119132341887,48.181404021117885
450,2.6981321500936772,68.22826863283076
451,14.03577770041209,48.899827721084584
452,52.93515098466585,68.45746145508176
453,3.712808173760969,70.99313976692902
454,6.881415423206729,61.32532578037083
455,1.3138287080359277,94.44677204712946
456,4.452289624404045,70.89435841534818
457,46.999741786574575,56.774827066082366
458,20.093942474364674,51.47709042683234
459,17.48161356396859,53.722365493592406
460,44.76452518797694,68.52629537807971
461,48.126103557581025,70.24827621109746
462,56.98414670126476,41.99453080942714
463,38.58002047581095,70.44369571350035
464,15.5445474519626,47.2111843752693
465,6.369071324820844,46.82732202648278
466,40.11269518426121,62.663941699483736
467,16.76657345915333,38.81814701199855
468,8.867436907788754,41.07870162108026
469,55.20048376017159,43.07984097156285
470,10.438723245335293,47.81298372909404
471,16.234476597669616,40.132430372770905
472,14.145494117359128,47.65059231485144
473,25.886090992486302,56.59971743109187
474,45.14933163468994,71.92132673442319
475,36.33796599240826,54.70844110707631
476,2.128085475766383,70.29715456497628
477,46.80879502201782,66.78586708236647
478,6.565206027958119,56.16595758235159
479,41.09073215323704,90.1303743843178
480,43.989271884655125,69.79594782510071
481,15.2511946687195,34.92967629926688
482,54.33363964378358,45.99824401141424
483,1.0396660991975537,95.77806607415337
484,56.705207970245255,52.6002380663609
485,25.112001283363856,49.72791066059462
486,50.83014552866626,63.00507376106157
487,42.29619215258984,56.234414264056845
488,13.210943056259957,41.68948953384799
489,60.4919459037752,4.3239085353359155
490,4.28953197721799,52.62978833068033
491,41.39287991611003,75.30245876041451
492,43.61344895620302,77.08018343029
493,45.973997485069724,73.9105989999525
494,55.65642752389992,54.891151177361785
495,39.92231974336565,76.76968203312768
496,31.24742452049705,66.97735590251041
497,18.87024288113177,40.69411717241896
498,42.495808687654325,74.37631767739128
499,60.211539884364015,17.659030173264608
